{
  "2mm": {
    "RIO": {
      "1250s": 1.033273,
      "2500s": 1.033273,
      "5000s": 1.033273
    },
    "SRTuner": {
      "1250s": 1.02399,
      "2500s": 1.02399,
      "5000s": 1.030808
    },
    "CFSCA": {
      "1250s": 1.020822,
      "2500s": 1.020822,
      "5000s": 1.034793
    },
    "CompTuner": {
      "1250s": 1.037675,
      "2500s": 1.037675,
      "5000s": 1.037675
    },
    "PDCAT": {
      "1250s": 1.021825,
      "2500s": 1.027213,
      "5000s": 1.027213
    },
    "GroupTuner": {
      "1250s": 1.033532,
      "2500s": 1.033532,
      "5000s": 1.033532
    }
  },
  "3mm": {
    "RIO": {
      "1250s": 1.042101,
      "2500s": 1.054798,
      "5000s": 1.08739
    },
    "SRTuner": {
      "1250s": 1.054302,
      "2500s": 1.069699,
      "5000s": 1.069699
    },
    "CFSCA": {
      "1250s": 1.082074,
      "2500s": 1.082074,
      "5000s": 1.082074
    },
    "CompTuner": {
      "1250s": 1.056941,
      "2500s": 1.056941,
      "5000s": 1.056941
    },
    "PDCAT": {
      "1250s": 1.05635,
      "2500s": 1.071111,
      "5000s": 1.071111
    },
    "GroupTuner": {
      "1250s": 1.04981,
      "2500s": 1.072986,
      "5000s": 1.072986
    }
  },
  "adi": {
    "RIO": {
      "1250s": 1.04199,
      "2500s": 1.04199,
      "5000s": 1.04199
    },
    "SRTuner": {
      "1250s": 1.032809,
      "2500s": 1.032809,
      "5000s": 1.032809
    },
    "CFSCA": {
      "1250s": 1.037376,
      "2500s": 1.037376,
      "5000s": 1.037376
    },
    "CompTuner": {
      "1250s": 1.015694,
      "2500s": 1.015694,
      "5000s": 1.03574
    },
    "PDCAT": {
      "1250s": 1.011523,
      "2500s": 1.038404,
      "5000s": 1.038404
    },
    "GroupTuner": {
      "1250s": 1.024617,
      "2500s": 1.027637,
      "5000s": 1.039391
    }
  },
  "atax": {
    "RIO": {
      "1250s": 1.281584,
      "2500s": 1.301582,
      "5000s": 1.372929
    },
    "SRTuner": {
      "1250s": 1.334193,
      "2500s": 1.334193,
      "5000s": 1.334193
    },
    "CFSCA": {
      "1250s": 1.136731,
      "2500s": 1.136731,
      "5000s": 1.154336
    },
    "CompTuner": {
      "1250s": 1.041296,
      "2500s": 1.430759,
      "5000s": 1.458157
    },
    "PDCAT": {
      "1250s": 1.242589,
      "2500s": 1.336184,
      "5000s": 1.336184
    },
    "GroupTuner": {
      "1250s": 1.281576,
      "2500s": 1.352214,
      "5000s": 1.424061
    }
  },
  "bicg": {
    "RIO": {
      "1250s": 1.306477,
      "2500s": 1.331993,
      "5000s": 1.410248
    },
    "SRTuner": {
      "1250s": 1.26494,
      "2500s": 1.323168,
      "5000s": 1.328107
    },
    "CFSCA": {
      "1250s": 1.159445,
      "2500s": 1.159445,
      "5000s": 1.159445
    },
    "CompTuner": {
      "1250s": 1.05956,
      "2500s": 1.318644,
      "5000s": 1.368195
    },
    "PDCAT": {
      "1250s": 1.436368,
      "2500s": 1.436368,
      "5000s": 1.446138
    },
    "GroupTuner": {
      "1250s": 1.34843,
      "2500s": 1.34843,
      "5000s": 1.474947
    }
  },
  "cholesky": {
    "RIO": {
      "1250s": 1.013399,
      "2500s": 1.04897,
      "5000s": 1.04897
    },
    "SRTuner": {
      "1250s": 1.011399,
      "2500s": 1.0511,
      "5000s": 1.0511
    },
    "CFSCA": {
      "1250s": 1.028696,
      "2500s": 1.028696,
      "5000s": 1.052337
    },
    "CompTuner": {
      "1250s": 1.00444,
      "2500s": 1.047942,
      "5000s": 1.047942
    },
    "PDCAT": {
      "1250s": 1.04904,
      "2500s": 1.04904,
      "5000s": 1.04904
    },
    "GroupTuner": {
      "1250s": 1.044823,
      "2500s": 1.049115,
      "5000s": 1.049115
    }
  },
  "correlation": {
    "RIO": {
      "1250s": 1.032807,
      "2500s": 1.035999,
      "5000s": 1.036125
    },
    "SRTuner": {
      "1250s": 1.043165,
      "2500s": 1.043165,
      "5000s": 1.043165
    },
    "CFSCA": {
      "1250s": 1.045356,
      "2500s": 1.106917,
      "5000s": 1.106917
    },
    "CompTuner": {
      "1250s": 1.020894,
      "2500s": 1.036101,
      "5000s": 1.092333
    },
    "PDCAT": {
      "1250s": 1.038882,
      "2500s": 1.046284,
      "5000s": 1.05008
    },
    "GroupTuner": {
      "1250s": 1.035709,
      "2500s": 1.044306,
      "5000s": 1.044306
    }
  },
  "covariance": {
    "RIO": {
      "1250s": 1.028566,
      "2500s": 1.028566,
      "5000s": 1.030442
    },
    "SRTuner": {
      "1250s": 1.008257,
      "2500s": 1.032637,
      "5000s": 1.101107
    },
    "CFSCA": {
      "1250s": 1.043318,
      "2500s": 1.043318,
      "5000s": 1.188861
    },
    "CompTuner": {
      "1250s": 1.038786,
      "2500s": 1.038786,
      "5000s": 1.038786
    },
    "PDCAT": {
      "1250s": 1.027464,
      "2500s": 1.028493,
      "5000s": 1.031535
    },
    "GroupTuner": {
      "1250s": 1.009507,
      "2500s": 1.015171,
      "5000s": 1.037586
    }
  },
  "deriche": {
    "RIO": {
      "1250s": 1.049291,
      "2500s": 1.049291,
      "5000s": 1.051688
    },
    "SRTuner": {
      "1250s": 1.060438,
      "2500s": 1.060438,
      "5000s": 1.060438
    },
    "CFSCA": {
      "1250s": 1.034975,
      "2500s": 1.034975,
      "5000s": 1.042171
    },
    "CompTuner": {
      "1250s": 1.050458,
      "2500s": 1.050458,
      "5000s": 1.060661
    },
    "PDCAT": {
      "1250s": 1.0536,
      "2500s": 1.0536,
      "5000s": 1.0536
    },
    "GroupTuner": {
      "1250s": 1.054175,
      "2500s": 1.054175,
      "5000s": 1.054175
    }
  },
  "doitgen": {
    "RIO": {
      "1250s": 1.173963,
      "2500s": 1.173963,
      "5000s": 1.420255
    },
    "SRTuner": {
      "1250s": 1.334592,
      "2500s": 1.334592,
      "5000s": 1.334592
    },
    "CFSCA": {
      "1250s": 1.095588,
      "2500s": 1.095588,
      "5000s": 1.095588
    },
    "CompTuner": {
      "1250s": 1.113319,
      "2500s": 1.113319,
      "5000s": 1.347649
    },
    "PDCAT": {
      "1250s": 1.464337,
      "2500s": 1.464337,
      "5000s": 1.464337
    },
    "GroupTuner": {
      "1250s": 1.069997,
      "2500s": 1.069997,
      "5000s": 1.484361
    }
  },
  "durbin": {
    "RIO": {
      "1250s": 1.156226,
      "2500s": 1.167306,
      "5000s": 1.805144
    },
    "SRTuner": {
      "1250s": 1.186991,
      "2500s": 1.630785,
      "5000s": 1.630785
    },
    "CFSCA": {
      "1250s": 1.115133,
      "2500s": 1.115133,
      "5000s": 1.115133
    },
    "CompTuner": {
      "1250s": 1.019186,
      "2500s": 1.129552,
      "5000s": 1.694207
    },
    "PDCAT": {
      "1250s": 1.878639,
      "2500s": 1.878639,
      "5000s": 1.878639
    },
    "GroupTuner": {
      "1250s": 1.764494,
      "2500s": 1.764494,
      "5000s": 1.765621
    }
  },
  "fdtd-2d": {
    "RIO": {
      "1250s": 1.058366,
      "2500s": 1.085341,
      "5000s": 1.085341
    },
    "SRTuner": {
      "1250s": 1.065639,
      "2500s": 1.073846,
      "5000s": 1.087907
    },
    "CFSCA": {
      "1250s": 1.073924,
      "2500s": 1.073924,
      "5000s": 1.073924
    },
    "CompTuner": {
      "1250s": 1.043333,
      "2500s": 1.04749,
      "5000s": 1.065255
    },
    "PDCAT": {
      "1250s": 1.066765,
      "2500s": 1.066765,
      "5000s": 1.090781
    },
    "GroupTuner": {
      "1250s": 1.041334,
      "2500s": 1.092335,
      "5000s": 1.092335
    }
  },
  "floyd-warshall": {
    "RIO": {
      "1250s": 1.002378,
      "2500s": 1.002378,
      "5000s": 1.004238
    },
    "SRTuner": {
      "1250s": 1.01191,
      "2500s": 1.01191,
      "5000s": 1.01191
    },
    "CFSCA": {
      "1250s": 1.000438,
      "2500s": 1.000438,
      "5000s": 1.009545
    },
    "CompTuner": {
      "1250s": 1.003791,
      "2500s": 1.003791,
      "5000s": 1.004802
    },
    "PDCAT": {
      "1250s": 1.004768,
      "2500s": 1.004768,
      "5000s": 1.014716
    },
    "GroupTuner": {
      "1250s": 1.002124,
      "2500s": 1.008851,
      "5000s": 1.008851
    }
  },
  "gemm": {
    "RIO": {
      "1250s": 1.013688,
      "2500s": 1.033949,
      "5000s": 1.060097
    },
    "SRTuner": {
      "1250s": 1.046914,
      "2500s": 1.059106,